,Date,Adj Close,daily_return
0,2017-01-03,19.72256851196289,
1,2017-01-04,20.20148468017578,0.024282646954548515
2,2017-01-05,19.63549995422364,-0.028016986618194295
3,2017-01-06,19.374277114868164,-0.01330360011023235
4,2017-01-09,19.2436580657959,-0.006741879880102775
5,2017-01-10,19.461349487304688,0.01131237214694214
6,2017-01-11,19.461349487304688,0.0
7,2017-01-12,19.200119018554688,-0.013423039801037984
8,2017-01-13,19.374277114868164,0.009070677954921669
9,2017-01-17,19.63549995422364,0.01348297218041794
10,2017-01-18,19.7661075592041,0.006651605779580239
11,2017-01-19,19.67903709411621,-0.004405038514897042
12,2017-01-20,19.28719520568848,-0.019911639301949724
13,2017-01-23,19.2436580657959,-0.0022573079925971573
14,2017-01-24,19.504886627197266,0.013574787106910957
15,2017-01-25,19.374277114868164,-0.0066962456550238025
16,2017-01-26,19.15658569335937,-0.011236105492768655
17,2017-01-27,18.982431411743164,-0.009091091930676254
18,2017-01-30,18.938894271850582,-0.0022935491744038305
19,2017-01-31,19.148744583129883,0.011080388763308413
20,2017-02-01,19.105026245117188,-0.0022830916054523698
21,2017-02-02,19.01758575439453,-0.00457683175101653
22,2017-02-03,19.01758575439453,0.0
23,2017-02-06,18.755277633666992,-0.013792924302545861
24,2017-02-07,18.6678409576416,-0.0046619771636137175
25,2017-02-08,18.711557388305664,0.0023418043234488817
26,2017-02-09,18.93014907836914,0.011682175113873372
27,2017-02-10,18.93014907836914,0.0
28,2017-02-13,18.93014907836914,0.0
29,2017-02-14,18.84271240234375,-0.0046189111170445996
30,2017-02-15,19.06130790710449,0.011601063588570604
31,2017-02-16,18.9738712310791,-0.004587128881790803
32,2017-02-17,18.9738712310791,0.0
33,2017-02-21,18.84271240234375,-0.006912602448809424
34,2017-02-22,18.84271240234375,0.0
35,2017-02-23,18.755277633666992,-0.004640243230899288
36,2017-02-24,18.93014907836914,0.009323852630591878
37,2017-02-27,19.06130790710449,0.0069285681899473595
38,2017-02-28,18.49296188354492,-0.029816737987204855
39,2017-03-01,19.105026245117188,0.03309715152319037
40,2017-03-02,18.88643264770508,-0.011441680037889146
41,2017-03-03,18.84271240234375,-0.0023149022463299085
42,2017-03-06,18.88643264770508,0.0023202734525573643
43,2017-03-07,18.755277633666992,-0.006944403767750518
44,2017-03-08,18.58040237426757,-0.009324056023863325
45,2017-03-09,18.49296188354492,-0.0047060601251429635
46,2017-03-10,18.58040237426757,0.004728311844975908
47,2017-03-13,18.53668594360352,-0.0023528247550007597
48,2017-03-14,18.53668594360352,0.0
49,2017-03-15,18.62412071228028,0.004716850085434654
50,2017-03-16,18.62412071228028,0.0
51,2017-03-17,18.88643264770508,0.01408452723632947
52,2017-03-20,18.79899787902832,-0.00462950152142072
53,2017-03-21,18.40552520751953,-0.02093051310717664
54,2017-03-22,18.186931610107425,-0.011876520498464216
55,2017-03-23,18.62412071228028,0.024038640027099767
56,2017-03-24,18.44924545288086,-0.009389718961825277
57,2017-03-27,18.49296188354492,0.0023695511437424877
58,2017-03-28,18.40552520751953,-0.004728105566647378
59,2017-03-29,18.44924545288086,0.0023753870029998847
60,2017-03-30,18.40552520751953,-0.002369757910858139
61,2017-03-31,18.14321517944336,-0.014251700243196885
62,2017-04-03,17.618593215942383,-0.028915600587451795
63,2017-04-04,17.48743438720703,-0.007444341731930759
64,2017-04-05,17.39999771118164,-0.004999971641886813
65,2017-04-06,17.4437198638916,0.0025127677276568505
66,2017-04-07,17.531156539916992,0.005012501731719743
67,2017-04-10,17.39999771118164,-0.007481470400239387
68,2017-04-11,17.4437198638916,0.0025127677276568505
69,2017-04-12,17.13768768310547,-0.017543974747015856
70,2017-04-13,16.700502395629883,-0.025510167740223633
71,2017-04-17,16.8316593170166,0.007853471607000229
72,2017-04-18,17.13768768310547,0.018181711043751658
73,2017-04-19,17.312562942504883,0.010204133873428445
74,2017-04-20,17.35628318786621,0.002525347951457091
75,2017-04-21,17.18140411376953,-0.010075836641046387
76,2017-04-24,17.48743438720703,0.017811715003678952
77,2017-04-25,17.57487678527832,0.005000298850885709
78,2017-04-26,17.531156539916992,-0.0024876558678323946
79,2017-04-27,17.48743438720703,-0.002493968530279722
80,2017-04-28,17.48743438720703,0.0
81,2017-05-01,17.57487678527832,0.005000298850885709
82,2017-05-02,17.697837829589844,0.006996410035404743
83,2017-05-03,17.52217674255371,-0.009925567672590896
84,2017-05-04,17.478260040283203,-0.0025063496913516614
85,2017-05-05,17.65392303466797,0.010050370802351383
86,2017-05-08,17.566089630126953,-0.004975291008606497
87,2017-05-09,17.478260040283203,-0.004999951138420555
88,2017-05-10,17.785669326782227,0.017588094340656335
89,2017-05-11,17.741750717163086,-0.002469325658326915
90,2017-05-12,17.65392303466797,-0.004950339112258728
91,2017-05-15,17.697837829589844,0.0024875374632389313
92,2017-05-16,17.610008239746094,-0.004962729949807954
93,2017-05-17,17.478260040283203,-0.007481438831217213
94,2017-05-18,16.99519157409668,-0.02763824688917349
95,2017-05-19,17.170854568481445,0.010336040851254946
96,2017-05-22,17.346513748168945,0.010230077890819533
97,2017-05-23,17.170854568481445,-0.010126483179136891
98,2017-05-24,17.346513748168945,0.010230077890819533
99,2017-05-25,17.30259895324707,-0.002531620794784195
100,2017-05-26,17.478260040283203,0.010152294895742653
101,2017-05-30,17.30259895324707,-0.010050261675434324
102,2017-05-31,16.907363891601562,-0.02284252572191392
103,2017-06-01,17.917415618896484,0.05974034354324442
104,2017-06-02,17.917415618896484,0.0
105,2017-06-05,18.005245208740234,0.004901911732801523
106,2017-06-06,18.04916000366211,0.002439000103178657
107,2017-06-07,17.917415618896484,-0.0072991975659196795
108,2017-06-08,18.04916000366211,0.007352867599202284
109,2017-06-09,18.136987686157227,0.004866026035410975
110,2017-06-12,17.96133041381836,-0.00968503013722255
111,2017-06-13,18.093080520629883,0.007335208683103112
112,2017-06-14,17.96133041381836,-0.007281795195754559
113,2017-06-15,17.785669326782227,-0.00977995966829881
114,2017-06-16,17.917415618896484,0.00740744077119837
115,2017-06-19,17.917415618896484,0.0
116,2017-06-20,17.65392303466797,-0.014705948102840538
117,2017-06-21,17.258682250976562,-0.022388269333408206
118,2017-06-22,17.390430450439453,0.007633734577588314
119,2017-06-23,17.478260040283203,0.0050504551968424405
120,2017-06-26,17.566089630126953,0.005025076274258744
121,2017-06-27,17.610008239746094,0.002500192731785811
122,2017-06-28,18.005245208740234,0.02244388325168889
123,2017-06-29,17.917415618896484,-0.004878000206357425
124,2017-06-30,18.136987686157227,0.012254672879785877
125,2017-07-03,18.26873207092285,0.007263851475522332
126,2017-07-05,18.136987686157227,-0.007211468439854873
127,2017-07-06,17.610008239746094,-0.02905551106556359
128,2017-07-07,18.005245208740234,0.02244388325168889
129,2017-07-10,18.04916000366211,0.002439000103178657
130,2017-07-11,17.917415618896484,-0.0072991975659196795
131,2017-07-12,18.22481918334961,0.01715669106480533
132,2017-07-13,17.785669326782227,-0.024096253145194146
133,2017-07-14,17.917415618896484,0.00740744077119837
134,2017-07-17,18.005245208740234,0.004901911732801523
135,2017-07-18,18.005245208740234,0.0
136,2017-07-19,19.32269859313965,0.07317053276008068
137,2017-07-20,20.90365219116211,0.08181846807794035
138,2017-07-21,20.464496612548828,-0.021008557480637458
139,2017-07-24,20.72798728942871,0.012875502479660739
140,2017-07-25,20.90365219116211,0.008474768885206041
141,2017-07-26,20.508413314819336,-0.01890764698572034
142,2017-07-27,20.508413314819336,0.0
143,2017-07-28,20.37666702270508,-0.006424011945334374
144,2017-07-31,20.59624290466309,0.010775848754525974
145,2017-08-01,20.851930618286133,0.01241428909178155
146,2017-08-02,20.32291984558105,-0.02536987017600978
147,2017-08-03,20.10249900817871,-0.01084592367027748
148,2017-08-04,19.793907165527344,-0.015350919431749044
149,2017-08-07,19.661651611328125,-0.006681629508172748
150,2017-08-08,19.8820743560791,0.011210794958038006
151,2017-08-09,19.52939987182617,-0.01773831431955697
152,2017-08-10,19.22080612182617,-0.015801496821476246
153,2017-08-11,19.22080612182617,0.0
154,2017-08-14,19.35305976867676,0.006880754428942204
155,2017-08-15,19.132640838623047,-0.0113893582042498
156,2017-08-16,19.264892578125,0.006912362000491612
157,2017-08-17,18.956302642822266,-0.01601825362125997
158,2017-08-18,19.044471740722656,0.004651175894460291
159,2017-08-21,18.912220001220703,-0.0069443637661610325
160,2017-08-22,19.08855438232422,0.009323833008083371
161,2017-08-23,19.132640838623047,0.002309575435406108
162,2017-08-24,19.44122695922852,0.016128778207268102
163,2017-08-25,19.617572784423828,0.00907071480442756
164,2017-08-28,19.39714813232422,-0.011236081778405516
165,2017-08-29,19.35305976867676,-0.002272930192969258
166,2017-08-30,19.44122695922852,0.0045557235706188415
167,2017-08-31,19.485315322875977,0.0022677768095562545
168,2017-09-01,19.617572784423828,0.006787545356917057
169,2017-09-05,19.08855438232422,-0.026966557377559264
170,2017-09-06,19.132640838623047,0.002309575435406108
171,2017-09-07,19.132640838623047,0.0
172,2017-09-08,19.132640838623047,0.0
173,2017-09-11,19.44122695922852,0.016128778207268102
174,2017-09-12,19.70573616027832,0.013605581664394073
175,2017-09-13,19.617572784423828,-0.00447399554816974
176,2017-09-14,19.70573616027832,0.004494102141142209
177,2017-09-15,19.793907165527344,0.004474382714346525
178,2017-09-18,19.83799171447754,0.0022271777159272865
179,2017-09-19,19.74982261657715,-0.00444445683662853
180,2017-09-20,19.83799171447754,0.004464298217361495
181,2017-09-21,19.793907165527344,-0.0022222284183143204
182,2017-09-22,19.97024726867676,0.008908807224100146
183,2017-09-25,19.92615509033203,-0.002207893460282162
184,2017-09-26,20.41108703613281,0.02433645345037294
185,2017-09-27,21.07235336303711,0.032397408611001044
186,2017-09-28,20.851930618286133,-0.010460281343687927
187,2017-09-29,21.1605224609375,0.01479919765226656
188,2017-10-02,21.469112396240234,0.014583285260200585
189,2017-10-03,21.513202667236328,0.0020536606349788045
190,2017-10-04,21.601364135742188,0.0040980169187048165
191,2017-10-05,21.469112396240234,-0.006122379062307726
192,2017-10-06,21.38094520568848,-0.004106699379299639
193,2017-10-09,21.557287216186523,0.008247624639678097
194,2017-10-10,21.425029754638672,-0.006135162565749197
195,2017-10-11,21.557287216186523,0.006173035139856342
196,2017-10-12,21.24869537353516,-0.014314966422104058
197,2017-10-13,21.33685874938965,0.004149119477908858
198,2017-10-16,21.1605224609375,-0.00826439779741206
199,2017-10-17,21.07235336303711,-0.004166678684949798
200,2017-10-18,19.70573616027832,-0.06485356330232983
201,2017-10-19,19.264892578125,-0.022371332822467616
202,2017-10-20,19.35305976867676,0.004576573172895504
203,2017-10-23,19.044471740722656,-0.015945180330273145
204,2017-10-24,19.044471740722656,0.0
205,2017-10-25,18.73587989807129,-0.016203749143196666
206,2017-10-26,18.515459060668945,-0.011764637615179985
207,2017-10-27,18.868139266967773,0.019047878053858325
208,2017-10-30,18.691797256469727,-0.009346020187945392
209,2017-10-31,18.682939529418945,-0.0004738831118936693
210,2017-11-01,18.594396591186523,-0.004739240208586959
211,2017-11-02,18.37303352355957,-0.011904826625666165
212,2017-11-03,18.46158027648925,0.004819386674287385
213,2017-11-06,18.50585174560547,0.002398032478974521
214,2017-11-07,18.50585174560547,0.0
215,2017-11-08,18.46158027648925,-0.002392295676243661
216,2017-11-09,18.151670455932617,-0.016786743925237158
217,2017-11-10,18.28448867797852,0.00731713493633257
218,2017-11-13,18.28448867797852,0.0
219,2017-11-14,18.32876205444336,0.0024213625682714124
220,2017-11-15,18.37303352355957,0.0024154096705881756
221,2017-11-16,18.638671875,0.014458056210467696
222,2017-11-17,18.815757751464844,0.009500992219427795
223,2017-11-20,19.169937133789062,0.018823551355333867
224,2017-11-21,19.39130210876465,0.011547506568782895
225,2017-11-22,19.56838798522949,0.009132232351988234
226,2017-11-24,19.74547576904297,0.009049686869820217
227,2017-11-27,19.70120620727539,-0.002242010386854454
228,2017-11-28,20.321020126342773,0.03146070918431865
229,2017-11-29,20.23247528076172,-0.00435730317821359
230,2017-11-30,20.45383644104004,0.010940883762690312
231,2017-12-01,20.18820571899414,-0.012986841016921269
232,2017-12-04,20.143932342529297,-0.0021930317672158584
233,2017-12-05,19.78974914550781,-0.017582624434937744
234,2017-12-06,19.612659454345703,-0.008948556642129235
235,2017-12-07,19.56838798522949,-0.0022572904617688128
236,2017-12-08,19.612659454345703,0.0022623973497271077
237,2017-12-11,19.479846954345703,-0.006771774134413544
238,2017-12-12,19.34702682495117,-0.006818335365047834
239,2017-12-13,19.30275535583496,-0.002288282820754217
240,2017-12-14,19.125661849975582,-0.009174519522978097
241,2017-12-15,19.39130210876465,0.013889206076777239
242,2017-12-18,19.612659454345703,0.01141529043998557
243,2017-12-19,19.56838798522949,-0.0022572904617688128
244,2017-12-20,20.05538558959961,0.024886955672471123
245,2017-12-21,20.18820571899414,0.0066226664554087655
246,2017-12-22,19.96683883666992,-0.010965158836079625
247,2017-12-26,19.8782958984375,-0.004434499569847095
248,2017-12-27,19.78974914550781,-0.004454443850825829
249,2017-12-28,19.70120620727539,-0.004474181940427369
250,2017-12-29,17.133411407470703,-0.1303369333222062
251,2018-01-02,17.708951950073242,0.03359170739060091
252,2018-01-03,17.089134216308594,-0.035000249337854505
253,2018-01-04,17.04486846923828,-0.002590286114557472
254,2018-01-05,17.089134216308594,0.0025970131215855563
255,2018-01-08,17.487585067749023,0.023316034996095913
256,2018-01-09,17.221952438354492,-0.015189783401506785
257,2018-01-10,17.354768753051758,0.007712035854975152
258,2018-01-11,17.443315505981445,0.005102156887807352
259,2018-01-12,17.443315505981445,0.0
260,2018-01-16,17.26622200012207,-0.010152514056094963
261,2018-01-17,16.690683364868164,-0.033333211819576825
262,2018-01-18,14.76926612854004,-0.11511914727065464
263,2018-01-19,14.521337509155272,-0.01678679341458089
264,2018-01-22,14.87551975250244,0.02439046975692616
265,2018-01-23,14.87551975250244,0.0
266,2018-01-24,14.344249725341797,-0.0357143841694183
267,2018-01-25,14.167159080505373,-0.012345758629924042
268,2018-01-26,14.388520240783691,0.015624950564924633
269,2018-01-29,14.299975395202637,-0.006153853495655337
270,2018-01-30,14.335593223571776,0.0024907615142533146
271,2018-01-31,14.246552467346191,-0.006211166488679143
272,2018-02-01,14.424636840820312,0.012500173209083254
273,2018-02-02,14.513671875,0.006172428128500718
274,2018-02-05,14.202031135559082,-0.02147221889298212
275,2018-02-06,14.335593223571776,0.009404435656973131
276,2018-02-07,14.469152450561523,0.00931661668316175
277,2018-02-08,14.157508850097656,-0.02153848344114817
278,2018-02-09,14.291069984436035,0.009433943199509853
279,2018-02-12,14.558195114135742,0.018691751561683345
280,2018-02-13,14.602717399597168,0.0030582283801234844
281,2018-02-14,14.513671875,-0.00609787357794267
282,2018-02-15,14.691757202148438,0.01227017729780644
283,2018-02-16,14.469152450561523,-0.015151676448502793
284,2018-02-20,14.602717399597168,0.00923101401357207
285,2018-02-21,14.486964225769045,-0.007926824210904515
286,2018-02-22,14.068469047546388,-0.028887707024101594
287,2018-02-23,13.9794282913208,-0.006329100623860495
288,2018-02-26,14.068469047546388,0.006369413281433589
289,2018-02-27,13.66778564453125,-0.02848095280737173
290,2018-02-28,13.934906959533691,0.01954386189172652
291,2018-03-01,13.801346778869627,-0.009584576420346158
292,2018-03-02,13.845867156982422,0.0032257995416038465
293,2018-03-05,13.9794282913208,0.009646281653874267
294,2018-03-06,14.246552467346191,0.019108376283974104
295,2018-03-07,14.38011074066162,0.009374778468092648
296,2018-03-08,14.513671875,0.009287907217621072
297,2018-03-09,14.513671875,0.0
298,2018-03-12,14.647233963012695,0.00920250155598179
299,2018-03-13,14.8253173828125,0.012158160390521644
300,2018-03-14,14.469152450561523,-0.02402410168054081
301,2018-03-15,14.513671875,0.0030768508791783056
302,2018-03-16,14.157508850097656,-0.024539828926120277
303,2018-03-19,14.291069984436035,0.009433943199509853
304,2018-03-20,14.335593223571776,0.0031154587574078185
305,2018-03-21,14.291069984436035,-0.0031057828191254355
306,2018-03-22,14.023950576782228,-0.01869135116857723
307,2018-03-23,13.934906959533691,-0.006349396110676198
308,2018-03-26,13.845867156982422,-0.006389694800965406
309,2018-03-27,13.66778564453125,-0.012861708871832245
310,2018-03-28,13.71230697631836,0.0032573917198448488
311,2018-03-29,13.845867156982422,0.009740168513928893
312,2018-04-02,13.534225463867188,-0.02250792164780191
313,2018-04-03,13.534225463867188,0.0
314,2018-04-04,13.445183753967283,-0.00657900299781633
315,2018-04-05,13.445183753967283,0.0
316,2018-04-06,13.26710033416748,-0.01324514584988512
317,2018-04-09,13.445183753967283,0.013422934576078793
318,2018-04-10,13.534225463867188,0.006622572924942727
319,2018-04-11,13.71230697631836,0.013157865067831453
320,2018-04-12,13.71230697631836,0.0
321,2018-04-13,13.845867156982422,0.009740168513928893
322,2018-04-16,13.845867156982422,0.0
323,2018-04-17,14.291069984436035,0.032154203301676176
324,2018-04-18,13.311620712280272,-0.06853575507099552
325,2018-04-19,13.204771995544434,-0.008026724847806643
326,2018-04-20,13.089018821716309,-0.008766010792703005
327,2018-04-23,12.866415977478027,-0.01700683964706018
328,2018-04-24,13.089018821716309,0.01730107627702515
329,2018-04-25,13.089018821716309,0.0
330,2018-04-26,12.99997901916504,-0.006802633853924878
331,2018-04-27,12.91093635559082,-0.006849446713948604
332,2018-04-30,13.044498443603516,0.010344880056267769
333,2018-05-01,13.349108695983888,0.023351626258174774
334,2018-05-02,13.349108695983888,0.0
335,2018-05-03,13.214719772338867,-0.010067258174731308
336,2018-05-04,13.304314613342283,0.006779927425397014
337,2018-05-07,13.483494758605955,0.01346782231712873
338,2018-05-08,13.707474708557127,0.016611416695824666
339,2018-05-09,13.662678718566896,-0.0032679972746741948
340,2018-05-10,13.662678718566896,0.0
341,2018-05-11,13.57308864593506,-0.0065572845909116495
342,2018-05-14,13.214719772338867,-0.026402897891889876
343,2018-05-15,13.035541534423828,-0.013558988839861397
344,2018-05-16,13.169925689697266,0.010309058117651704
345,2018-05-17,13.214719772338867,0.0034012403484282583
346,2018-05-18,13.304314613342283,0.006779927425397014
347,2018-05-21,13.841859817504885,0.04040382535929532
348,2018-05-22,13.528290748596191,-0.022653680433328938
349,2018-05-23,13.349108695983888,-0.013244988294688786
350,2018-05-24,13.125128746032717,-0.016778644556138533
351,2018-05-25,13.483494758605955,0.027303809319322747
352,2018-05-29,13.25951862335205,-0.016611133779760645
353,2018-05-30,12.766763687133787,-0.037162354849779144
354,2018-05-31,12.497990608215332,-0.02105256159705704
355,2018-06-01,12.677172660827637,0.014336868879907927
356,2018-06-04,13.528290748596191,0.06713784773149789
357,2018-06-05,13.617883682250977,0.006622635136968924
358,2018-06-06,13.438703536987305,-0.013157708601756357
359,2018-06-07,13.25951862335205,-0.013333497025370344
360,2018-06-08,13.169925689697266,-0.006756876791665589
361,2018-06-11,12.990742683410645,-0.013605468284972555
362,2018-06-12,12.990742683410645,0.0
363,2018-06-13,13.214719772338867,0.017241284381242172
364,2018-06-14,13.57308864593506,0.027118915858233672
365,2018-06-15,13.841859817504885,0.01980176941158618
366,2018-06-18,13.886655807495115,0.00323626958955181
367,2018-06-19,13.707474708557127,-0.01290311371016184
368,2018-06-20,13.617883682250977,-0.00653592497604405
369,2018-06-21,12.81156063079834,-0.059210599111194306
370,2018-06-22,12.856355667114258,0.0034964543045781227
371,2018-06-25,12.81156063079834,-0.003484271707767106
372,2018-06-26,12.990742683410645,0.01398596609546221
373,2018-06-27,13.08033561706543,0.006896675258543761
374,2018-06-28,13.214719772338867,0.010273754375087485
375,2018-06-29,13.304314613342283,0.006779927425397014
376,2018-07-02,13.393903732299805,0.006733839476982695
377,2018-07-03,13.438703536987305,0.0033447907035095703
378,2018-07-05,13.75227165222168,0.023333211747051497
379,2018-07-06,13.886655807495115,0.009771778704773082
380,2018-07-09,13.79706859588623,-0.006451316490506787
381,2018-07-10,13.75227165222168,-0.003246845034742152
382,2018-07-11,13.528290748596191,-0.016286829499132516
383,2018-07-12,13.958329200744627,0.03178808469895289
384,2018-07-13,14.021044731140137,0.004493054254098183
385,2018-07-16,14.33461570739746,0.02236430895630015
386,2018-07-17,14.33461570739746,0.0
387,2018-07-18,14.379406929016112,0.003124689390559432
388,2018-07-19,14.737774848937988,0.024922301850901052
389,2018-07-20,14.78257179260254,0.0030396002194170713
390,2018-07-23,14.961753845214844,0.012121169112262908
391,2018-07-24,14.82736587524414,-0.00898210005063571
392,2018-07-25,14.379406929016112,-0.03021163367769486
393,2018-07-26,14.78257179260254,0.028037655904492587
394,2018-07-27,14.603384971618652,-0.012121491679381258
395,2018-07-30,14.55859088897705,-0.0030673766889428578
396,2018-07-31,14.639671325683594,0.005569250302096984
397,2018-08-01,14.54958152770996,-0.006153812880729248
398,2018-08-02,14.594630241394045,0.0030962205750240113
399,2018-08-03,14.54958152770996,-0.003086663583728
400,2018-08-06,14.684715270996094,0.009287809620418974
401,2018-08-07,14.684715270996094,0.0
402,2018-08-08,14.369402885437012,-0.02147214840330325
403,2018-08-09,14.324356079101562,-0.003134911498730575
404,2018-08-10,14.324356079101562,0.0
405,2018-08-13,14.504539489746094,0.012578813989929216
406,2018-08-14,14.594630241394045,0.006211210753132912
407,2018-08-15,14.459492683410645,-0.009259402653457816
408,2018-08-16,14.819852828979492,0.024922046261158792
409,2018-08-17,14.729764938354492,-0.006078865402012412
410,2018-08-20,14.909944534301758,0.012232346999516697
411,2018-08-21,15.225258827209473,0.02114791857087761
412,2018-08-22,15.270305633544922,0.002958689034234574
413,2018-08-23,15.315349578857422,0.0029497736583312673
414,2018-08-24,15.270305633544922,-0.002941098084674687
415,2018-08-27,15.315349578857422,0.0029497736583312673
416,2018-08-28,15.270305633544922,-0.002941098084674687
417,2018-08-29,15.315349578857422,0.0029497736583312673
418,2018-08-30,15.405439376831056,0.0058823207077167705
419,2018-08-31,15.49553108215332,0.0058480451688873725
420,2018-09-04,15.270305633544922,-0.014534864756445609
421,2018-09-05,15.270305633544922,0.0
422,2018-09-06,15.090126037597656,-0.011799344444780258
423,2018-09-07,15.225258827209473,0.008955047113266446
424,2018-09-10,15.045079231262209,-0.011834255035800156
425,2018-09-11,14.864898681640623,-0.011976045247218625
426,2018-09-12,16.711746215820312,0.12424218783681984
427,2018-09-13,16.93697166442871,0.013477074489988805
428,2018-09-14,16.891931533813477,-0.0026592788550168223
429,2018-09-17,16.621660232543945,-0.01600002348627305
430,2018-09-18,16.756797790527344,0.008130208179734533
431,2018-09-19,16.53156852722168,-0.013441068282926127
432,2018-09-20,16.66670799255371,0.008174630562702179
433,2018-09-21,16.756797790527344,0.005405374475504265
434,2018-09-24,16.44147300720215,-0.018817723246827622
435,2018-09-25,16.396438598632812,-0.0027390738378251234
436,2018-09-26,16.30634307861328,-0.005494822517558395
437,2018-09-27,15.720755577087402,-0.03591163872259695
438,2018-09-28,15.90093994140625,0.011461558793106619
439,2018-10-01,15.828863143920898,-0.004532863953385702
440,2018-10-02,16.099136352539062,0.017074707523892174
441,2018-10-03,16.234270095825195,0.00839385047290575
442,2018-10-04,15.954994201660156,-0.017202861139833936
443,2018-10-05,15.630670547485352,-0.02032740658351717
444,2018-10-08,15.49553108215332,-0.008645788094725826
445,2018-10-09,15.837873458862305,0.022092974735359094
446,2018-10-10,15.369401931762695,-0.029579193716658292
447,2018-10-11,15.225258827209473,-0.009378576030036223
448,2018-10-12,15.27931308746338,0.003550301565797165
449,2018-10-15,15.360397338867188,0.005306799522966532
450,2018-10-16,16.324363708496094,0.06275660377545922
451,2018-10-17,13.522553443908691,-0.17163365841507117
452,2018-10-18,12.45948600769043,-0.07861440079551885
453,2018-10-19,12.41444206237793,-0.003615233026843745
454,2018-10-22,12.621652603149414,0.01669108766469951
455,2018-10-23,12.558585166931152,-0.004996765336618858
456,2018-10-24,12.063090324401855,-0.03945467072469411
457,2018-10-25,12.180209159851074,0.009708858368763451
458,2018-10-26,12.19822597503662,0.0014791876682160865
459,2018-10-29,11.98200798034668,-0.017725363928527416
460,2018-10-30,12.44460105895996,0.03860730850555605
461,2018-10-31,12.190629005432127,-0.020408211747774407
462,2018-11-01,12.607867240905762,0.034226144958370286
463,2018-11-02,12.62600803375244,0.001438847070646565
464,2018-11-05,12.743924140930176,0.009339144000424904
465,2018-11-06,12.68950080871582,-0.0042705317147613275
466,2018-11-07,12.988824844360352,0.023588322358507607
467,2018-11-08,13.124879837036133,0.010474773068855026
468,2018-11-09,12.807415008544922,-0.024188017904391068
469,2018-11-12,12.199697494506836,-0.047450442859283126
470,2018-11-13,12.426458358764648,0.01858741697160249
471,2018-11-14,12.36296844482422,-0.005109252540620113
472,2018-11-15,12.4990234375,0.011005042460715764
473,2018-11-16,12.372037887573242,-0.010159637715837166
474,2018-11-19,12.16341781616211,-0.01686222377484603
475,2018-11-20,11.3833646774292,-0.064131081454459
476,2018-11-21,11.737109184265137,0.031075566571045377
477,2018-11-23,11.673614501953123,-0.005409737722908425
478,2018-11-26,11.546630859375,-0.010877834158124489
479,2018-11-27,11.34708023071289,-0.017282151918807442
480,2018-11-28,11.3833646774292,0.0031976901527581703
481,2018-11-29,11.247307777404783,-0.011952256989024357
482,2018-11-30,11.292658805847168,0.004032167460864988
483,2018-12-03,11.591980934143066,0.026505903830275512
484,2018-12-04,11.374293327331545,-0.01877915500795413
485,2018-12-06,11.41964626312256,0.003987318990801514
486,2018-12-07,10.884489059448242,-0.04686285295915871
487,2018-12-10,10.703081130981444,-0.016666646222527892
488,2018-12-11,10.548884391784668,-0.014406761689438552
489,2018-12-12,10.820998191833496,0.02579550499773675
490,2018-12-13,10.694010734558104,-0.011735281258177133
491,2018-12-14,10.449110984802246,-0.02290064558888605
492,2018-12-17,9.941168785095217,-0.04861104456118881
493,2018-12-18,9.941168785095217,0.0
494,2018-12-19,9.678125381469728,-0.026460007803093433
495,2018-12-20,9.69626522064209,0.0018743133052494532
496,2018-12-21,9.542069435119627,-0.015902595691607124
497,2018-12-24,9.460434913635254,-0.008555221908563837
498,2018-12-26,10.04094123840332,0.06136148391353413
499,2018-12-27,9.93209743499756,-0.010840000037991238
500,2018-12-28,9.814181327819824,-0.011872226178756273
501,2018-12-31,9.741619110107422,-0.007393608828758169
502,2019-01-02,9.841392517089844,0.01024197372682134
503,2019-01-03,9.868603706359863,0.0027649734753254496
504,2019-01-04,10.21328067779541,0.03492661998509661
505,2019-01-07,10.46725082397461,0.024866656874646953
506,2019-01-08,10.730291366577148,0.025129859504279706
507,2019-01-09,10.830065727233888,0.009298383170425195
508,2019-01-10,10.66680145263672,-0.015075095452709464
509,2019-01-11,10.68493938446045,0.0017004096217845266
510,2019-01-14,10.539813041687012,-0.013582327194527677
511,2019-01-15,10.530743598937988,-0.0008604937026066573
512,2019-01-16,10.675870895385742,0.01378129617194257
513,2019-01-17,10.766575813293455,0.008496254665923075
514,2019-01-18,10.784717559814451,0.0016850061556801244
515,2019-01-22,10.68493938446045,-0.009251811630727524
516,2019-01-23,11.129390716552734,0.04159605554137902
517,2019-01-24,12.299474716186523,0.105134596262626
518,2019-01-25,12.73485279083252,0.03539810314606551
519,2019-01-28,13.324430465698242,0.046296387131396166
520,2019-01-29,13.197443962097168,-0.009530351329310571
521,2019-01-30,13.324430465698242,0.009622052873706322
522,2019-01-31,13.224656105041504,-0.007488076951100653
523,2019-02-01,13.03417682647705,-0.014403344559700049
524,2019-02-04,12.961615562438965,-0.005567000126213473
525,2019-02-05,12.970685005187988,0.0006997154564054586
526,2019-02-06,13.061963081359863,0.007037259492105985
527,2019-02-07,12.961555480957031,-0.00768702221690698
528,2019-02-08,12.806381225585938,-0.011971885287925033
529,2019-02-11,13.016322135925291,0.016393460934921444
530,2019-02-12,13.308414459228516,0.02244046515236775
531,2019-02-13,13.390564918518066,0.00617282092778404
532,2019-02-14,13.335797309875488,-0.0040900147959284094
533,2019-02-15,13.408821105957031,0.005475772792937317
534,2019-02-19,13.290160179138184,-0.008849467517031084
535,2019-02-20,13.308414459228516,0.0013735184410332835
536,2019-02-21,13.271902084350586,-0.002743555589569957
537,2019-02-22,13.326667785644531,0.004126439522072811
538,2019-02-25,13.783062934875488,0.03424675669656785
539,2019-02-26,13.563993453979492,-0.015894107277249825
540,2019-02-27,13.76480770111084,0.014804950165500985
541,2019-02-28,13.710041046142578,-0.003978744647761601
542,2019-03-01,13.874341011047363,0.011983914880474567
543,2019-03-04,13.965620040893556,0.006578981284481422
544,2019-03-05,13.609634399414062,-0.025490142251980985
545,2019-03-06,13.38143825531006,-0.016767250126412447
546,2019-03-07,13.372308731079102,-0.0006822528383551019
547,2019-03-08,13.463587760925291,0.006825973859999612
548,2019-03-11,13.518355369567873,0.00406783166679614
549,2019-03-12,13.436206817626951,-0.006076815536737001
550,2019-03-13,13.609634399414062,0.012907480819630779
551,2019-03-14,13.48184299468994,-0.009389774991283018
552,2019-03-15,13.463587760925291,-0.001354060700145987
553,2019-03-18,13.390564918518066,-0.005423728333331379
554,2019-03-19,13.271902084350586,-0.008861674984554146
555,2019-03-20,13.16236972808838,-0.008252950900787592
556,2019-03-21,13.372308731079102,0.015949939663426393
557,2019-03-22,12.815511703491213,-0.04163806256535307
558,2019-03-25,12.833768844604492,0.0014246127299237799
559,2019-03-26,12.934175491333008,0.007823629048042902
560,2019-03-27,12.79725742340088,-0.010585759256465432
561,2019-03-28,12.733360290527344,-0.004993033332024388
562,2019-03-29,12.50516414642334,-0.017921125209483302
563,2019-04-01,12.934175491333008,0.03430673439279652
564,2019-04-02,12.84289264678955,-0.007057492346893235
565,2019-04-03,12.91591739654541,0.005686004840514958
566,2019-04-04,12.897660255432127,-0.001413538082720045
567,2019-04-05,12.861149787902832,-0.002830782235399454
568,2019-04-08,12.952428817749023,0.007097268234294907
569,2019-04-09,13.080218315124512,0.009866064440390954
570,2019-04-10,13.043708801269531,-0.0027912006493626684
571,2019-04-11,12.998066902160645,-0.0034991504183568
572,2019-04-12,13.134984016418455,0.01053365206445056
573,2019-04-15,12.998066902160645,-0.010423850846462135
574,2019-04-16,13.408821105957031,0.031601176304770995
575,2019-04-17,13.281031608581545,-0.009530255968491885
576,2019-04-18,15.143112182617188,0.14020601929992083
577,2019-04-22,15.918983459472656,0.05123591950577322
578,2019-04-23,16.092409133911133,0.010894268147208841
579,2019-04-24,16.22933006286621,0.008508417093780363
580,2019-04-25,15.745551109313965,-0.029808929369128045
581,2019-04-26,15.754681587219238,0.0005798766802054267
582,2019-04-29,15.672530174255373,-0.00521441277686685
583,2019-04-30,15.645145416259766,-0.0017473093170744525
584,2019-05-01,15.635971069335938,-0.0005864021509377482
585,2019-05-02,15.755258560180664,0.007629042693655608
586,2019-05-03,15.764436721801758,0.000582545921797184
587,2019-05-06,15.654321670532228,-0.006985029228303685
588,2019-05-07,15.351510047912598,-0.01934364381879572
589,2019-05-08,15.149638175964355,-0.013149968395173683
590,2019-05-09,15.057880401611328,-0.006056763421492528
591,2019-05-10,15.030349731445312,-0.0018283230728189936
592,2019-05-13,14.672484397888184,-0.02380951474525117
593,2019-05-14,14.993647575378418,0.02188880688375172
594,2019-05-15,15.076231956481934,0.0055079579994350425
595,2019-05-16,14.993647575378418,-0.005477786581016941
596,2019-05-17,14.856005668640137,-0.00918001480602415
597,2019-05-20,14.635780334472656,-0.014823993681717496
598,2019-05-21,14.77342414855957,0.009404610546300152
599,2019-05-22,15.030349731445312,0.017391065219690027
600,2019-05-23,14.828479766845703,-0.013430822848870427
601,2019-05-24,14.975295066833496,0.00990090031454538
602,2019-05-28,14.654133796691896,-0.021446072929333537
603,2019-05-29,14.443085670471191,-0.01440195163690594
604,2019-05-30,14.709190368652344,0.018424366112097523
605,2019-05-31,14.388029098510742,-0.021834054906655354
606,2019-06-03,14.498140335083008,0.007652975665976669
607,2019-06-04,14.929414749145508,0.029746878157806966
608,2019-06-05,14.76424789428711,-0.011063183496047735
609,2019-06-06,15.030349731445312,0.01802339266202435
610,2019-06-07,15.177169799804688,0.009768240325919386
611,2019-06-10,15.012001991271973,-0.010882648788368976
612,2019-06-11,14.966118812561035,-0.0030564330285604013
613,2019-06-12,14.782598495483398,-0.012262385417093458
614,2019-06-13,15.057880401611328,0.018622024146298655
615,2019-06-14,14.865184783935549,-0.01279699483170016
616,2019-06-17,15.112934112548828,0.016666414324093548
617,2019-06-18,15.314807891845703,0.013357682749986388
618,2019-06-19,15.158814430236816,-0.010185792907787317
619,2019-06-20,15.158814430236816,0.0
620,2019-06-21,14.73671817779541,-0.0278449382954028
621,2019-06-24,14.332972526550291,-0.027397256727991426
622,2019-06-25,14.131098747253418,-0.014084571705061388
623,2019-06-26,14.12192440032959,-0.0006492309683712172
624,2019-06-27,13.855819702148438,-0.018843373653447792
625,2019-06-28,13.993459701538086,0.009933731987599836
626,2019-07-01,14.020986557006836,0.001967122931416654
627,2019-07-02,13.94757843017578,-0.005235589274163566
628,2019-07-03,14.103570938110352,0.011184200090037066
629,2019-07-05,14.094396591186523,-0.0006504981585222502
630,2019-07-08,13.965929985046388,-0.009114729056259652
631,2019-07-09,14.332972526550291,0.02628128179769651
632,2019-07-10,14.342148780822754,0.0006402199024289068
633,2019-07-11,14.388029098510742,0.003198984921236825
634,2019-07-12,14.424732208251951,0.002550947700335593
635,2019-07-15,14.553197860717772,0.008905929802449197
636,2019-07-16,14.45226001739502,-0.006935784443308224
637,2019-07-17,14.51649284362793,0.004444483157346912
638,2019-07-18,11.130535125732422,-0.2332490191927995
639,2019-07-19,10.57997226715088,-0.049464185896031854
640,2019-07-22,10.488211631774902,-0.008673050652588277
641,2019-07-23,10.387276649475098,-0.009623659956861874
642,2019-07-24,10.28633975982666,-0.009717358365875284
643,2019-07-25,10.15787410736084,-0.012488956758704761
644,2019-07-26,10.488211631774902,0.03252034046914254
645,2019-07-29,10.43315601348877,-0.005249285599781106
646,2019-07-30,10.414804458618164,-0.001758964866132473
647,2019-07-31,10.276062965393066,-0.013321564872040392
648,2019-08-01,10.128073692321776,-0.014401359116782197
649,2019-08-02,9.970832824707031,-0.015525249163022004
650,2019-08-05,9.980082511901855,0.0009276744839110673
651,2019-08-06,10.23906421661377,0.025949856066125987
652,2019-08-07,10.24831485748291,0.0009034654606552284
653,2019-08-08,10.36855697631836,0.011732867355031873
654,2019-08-09,10.202069282531738,-0.016056978243633724
655,2019-08-12,10.25756549835205,0.005439701915701978
656,2019-08-13,10.350058555603027,0.009017057435883435
657,2019-08-14,10.063326835632324,-0.027703391090041718
658,2019-08-15,9.795096397399902,-0.02665425088676132
659,2019-08-16,9.94308376312256,0.015108311314010248
660,2019-08-19,10.229818344116213,0.028837590814341674
661,2019-08-20,9.980082511901855,-0.02441253830846324
662,2019-08-21,10.04482650756836,0.006487320679893438
663,2019-08-22,9.915338516235352,-0.012891013223119807
664,2019-08-23,9.480616569519045,-0.043843379225479207
665,2019-08-26,9.508363723754885,0.002926724652597912
666,2019-08-27,9.351122856140137,-0.01653711113531664
667,2019-08-28,9.425119400024414,0.007913118565829658
668,2019-08-29,9.7118501663208,0.030421977072846884
669,2019-08-30,9.499115943908691,-0.021904603012702806
670,2019-09-03,9.369623184204102,-0.013632085392917714
671,2019-09-04,9.341876029968262,-0.002961394891805025
672,2019-09-05,9.832093238830566,0.052475242369917297
673,2019-09-06,9.878339767456056,0.004703629990289837
674,2019-09-09,9.96158504486084,0.00842705144431588
675,2019-09-10,10.350058555603027,0.03899715848358887
676,2019-09-11,10.673786163330078,0.031277852776185444
677,2019-09-12,10.3778076171875,-0.027729480581072163
678,2019-09-13,10.488798141479492,0.010694987649238374
679,2019-09-16,10.70153522491455,0.02028231266971936
680,2019-09-17,10.710785865783691,0.0008644218492692701
681,2019-09-18,10.553544044494627,-0.014680698807674197
682,2019-09-19,10.562792778015137,0.0008763628105892263
683,2019-09-20,10.609041213989258,0.004378428787354505
684,2019-09-23,10.683035850524902,0.006974677074312208
685,2019-09-24,10.553544044494627,-0.012121255403623188
686,2019-09-25,10.821776390075684,0.025416328813350875
687,2019-09-26,10.43330192565918,-0.03589747657073772
688,2019-09-27,10.451801300048828,0.0017731083142673576
689,2019-09-30,10.498048782348633,0.0044248336695407176
690,2019-10-01,10.23906421661377,-0.024669781128310087
691,2019-10-02,10.451801300048828,0.02077700451276332
692,2019-10-03,10.442551612854004,-0.0008849849829025702
693,2019-10-04,10.627538681030272,0.01771473822054781
694,2019-10-07,10.451801300048828,-0.01653603776527557
695,2019-10-08,10.220565795898438,-0.02212398585775932
696,2019-10-09,10.091075897216797,-0.012669543082791557
697,2019-10-10,8.14870548248291,-0.19248397638844528
698,2019-10-11,8.36143970489502,0.026106505244227973
699,2019-10-14,8.389190673828125,0.0033189223282754643
700,2019-10-15,8.564927101135254,0.020947959599413535
701,2019-10-16,8.888656616210938,0.03779711271947361
702,2019-10-17,9.07364273071289,0.020811481699560597
703,2019-10-18,8.907155990600586,-0.01834839050349346
704,2019-10-21,8.703667640686035,-0.02284549076375053
705,2019-10-22,8.648171424865723,-0.006376187385751075
706,2019-10-23,8.638921737670898,-0.0010695540988270302
707,2019-10-24,8.40768814086914,-0.026766488205749117
708,2019-10-25,8.666669845581055,0.03080296276131178
709,2019-10-28,8.72216796875,0.006403627247580257
710,2019-10-29,8.870158195495605,0.01696713790376747
711,2019-10-30,8.860906600952148,-0.0010430022035181619
712,2019-10-31,8.14870548248291,-0.08037564896493876
713,2019-11-01,8.490933418273926,0.04199782855408074
714,2019-11-04,8.8239107131958,0.039215629014973885
715,2019-11-05,8.759164810180664,-0.0073375519222232954
716,2019-11-06,8.43543529510498,-0.03695894780966069
717,2019-11-07,8.72216796875,0.033991449594949597
718,2019-11-08,8.907155990600586,0.021208949714493608
719,2019-11-11,8.925652503967285,0.002076590259137534
720,2019-11-12,8.990399360656738,0.007254019430027681
721,2019-11-13,8.74766731262207,-0.02699902844103874
722,2019-11-14,8.635639190673828,-0.012806628092336791
723,2019-11-15,8.700986862182617,0.007567207251938157
724,2019-11-18,8.476929664611816,-0.025750779896545728
725,2019-11-19,8.467594146728516,-0.0011012852828392594
726,2019-11-20,8.280875205993652,-0.022051002622392235
727,2019-11-21,8.07548999786377,-0.02480235518840157
728,2019-11-22,8.215524673461914,0.017340703243417854
729,2019-11-25,8.644973754882812,0.0522728734304847
730,2019-11-26,8.61696720123291,-0.00323963431746499
731,2019-11-27,8.607632637023926,-0.0010832772123873236
732,2019-11-29,8.579620361328125,-0.0032543530697757284
733,2019-12-02,8.476929664611816,-0.011969142268715927
734,2019-12-03,8.439584732055664,-0.0044054786383392885
735,2019-12-04,8.336892127990723,-0.012167968842695442
736,2019-12-05,8.318221092224121,-0.0022395678725306567
737,2019-12-06,8.271540641784668,-0.005611830933790696
738,2019-12-09,8.52360725402832,0.030473961642684566
739,2019-12-10,8.542280197143555,0.002190732463231315
740,2019-12-11,8.69165325164795,0.017486321105966818
741,2019-12-12,8.813018798828125,0.013963459386413524
742,2019-12-13,8.74766731262207,-0.007415334937756479
743,2019-12-16,8.822352409362793,0.008537715721419703
744,2019-12-17,8.803683280944824,-0.002116116830490289
745,2019-12-18,8.925049781799316,0.01378587768112749
746,2019-12-19,8.859697341918945,-0.0073223613848790725
747,2019-12-20,8.813018798828125,-0.005268638565108175
748,2019-12-23,8.981062889099121,0.01906771040739641
749,2019-12-24,9.06508731842041,0.009355733320081105
750,2019-12-26,9.149107933044434,0.009268594076671688
751,2019-12-27,9.093093872070312,-0.006122352188218438
752,2019-12-30,9.17711353302002,0.009239942106808785
753,2019-12-31,9.233131408691406,0.006104084412798194
754,2020-01-02,9.34516143798828,0.01213348151759397
755,2020-01-03,9.298480033874512,-0.004995248549051978
756,2020-01-06,9.31715202331543,0.0020080689933081874
757,2020-01-07,9.233131408691406,-0.009017843050512453
758,2020-01-08,9.270475387573242,0.0040445626980551985
759,2020-01-09,9.13977336883545,-0.014098739630223789
760,2020-01-10,9.149107933044434,0.001021312436565891
761,2020-01-13,9.354498863220217,0.022449284856937757
762,2020-01-14,9.279808044433594,-0.007984481037278224
763,2020-01-15,9.447854042053224,0.01810877949360501
764,2020-01-16,9.559885025024414,0.011857823212819474
765,2020-01-17,9.615900039672852,0.005859381624549798
766,2020-01-21,9.587892532348633,-0.0029126246330209993
767,2020-01-22,9.494534492492676,-0.00973707616569297
768,2020-01-23,9.391839981079102,-0.010816171292523546
769,2020-01-24,9.233131408691406,-0.016898560101900273
770,2020-01-27,8.934385299682617,-0.03235588185472704
771,2020-01-28,9.00907039642334,0.00835928765500804
772,2020-01-29,8.841026306152344,-0.018652766920071007
773,2020-01-30,8.785011291503906,-0.006335804544485679
774,2020-01-31,8.448920249938965,-0.03825732607651622
775,2020-02-03,8.672981262207031,0.026519484814605088
776,2020-02-04,8.943718910217285,0.031216215027467742
777,2020-02-05,9.270475387573242,0.03653474361573128
778,2020-02-06,8.971728324890137,-0.03222564649527748
779,2020-02-07,8.056818008422852,-0.10197704202980185
780,2020-02-10,8.038145065307617,-0.002317657305367038
781,2020-02-11,8.29954719543457,0.032520205595088836
782,2020-02-12,8.51427173614502,0.02587183802371351
783,2020-02-13,8.458258628845215,-0.006578731456504561
784,2020-02-14,8.420912742614746,-0.004415316186136442
785,2020-02-18,8.028809547424316,-0.046563027925245914
786,2020-02-19,8.12315559387207,0.011750938403816136
787,2020-02-20,8.6514892578125,0.06504044614619886
788,2020-02-21,8.830745697021484,0.02071972048593973
789,2020-02-24,8.576013565063477,-0.028846050005032597
790,2020-02-25,8.1420259475708,-0.05060481938375572
791,2020-02-26,8.01937484741211,-0.015063953486329162
792,2020-02-27,7.5759501457214355,-0.05529417319029162
793,2020-02-28,7.594820499420166,0.002490823373407114
794,2020-03-02,7.679731845855713,0.011180165014042176
795,2020-03-03,7.623124122619629,-0.007371054663403598
796,2020-03-04,7.877856731414795,0.03341577609097479
797,2020-03-05,7.6136884689331055,-0.033533011768068444
798,2020-03-06,7.424997806549072,-0.024783081571299714
799,2020-03-09,6.670233726501465,-0.10165175798191928
800,2020-03-10,6.924965858459473,0.03818938621984613
801,2020-03-11,6.453237533569336,-0.06811994954659273
802,2020-03-12,5.934337139129639,-0.08040931264972195
803,2020-03-13,6.028682708740234,0.01589824902068715
804,2020-03-16,5.566389083862305,-0.0766823611744748
805,2020-03-17,4.830493927001953,-0.13220332710729987
806,2020-03-18,4.858797550201416,0.005859364203161244
807,2020-03-19,5.849426746368408,0.20388361234065555
808,2020-03-20,5.472044467926025,-0.06451611325446194
809,2020-03-23,5.255048751831055,-0.03965532761418056
810,2020-03-24,5.990945339202881,0.1400361104386354
811,2020-03-25,5.849426746368408,-0.02362208046006009
812,2020-03-26,7.340085983276367,0.2548385169253429
813,2020-03-27,7.594820499420166,0.03470456841025915
814,2020-03-30,7.5759501457214355,-0.0024846345875022546
815,2020-03-31,7.245741844177246,-0.04358638787118696
816,2020-04-01,7.245741844177246,0.0
817,2020-04-02,7.500474452972412,0.035156180591759734
818,2020-04-03,7.79294490814209,0.03899359393908375
819,2020-04-06,8.236369132995605,0.056900726244096145
820,2020-04-07,8.264674186706543,0.003436593631718665
821,2020-04-08,8.689228057861328,0.05136970454778078
822,2020-04-09,8.71753215789795,0.0032573779682321113
823,2020-04-13,8.443930625915527,-0.03138520478350548
824,2020-04-14,8.1420259475708,-0.03575404532791182
825,2020-04-15,7.783510684967041,-0.04403268485170131
826,2020-04-16,7.821248531341553,0.004848435095926362
827,2020-04-17,8.953396797180176,0.14475288201133663
828,2020-04-20,9.14208698272705,0.021074703804739414
829,2020-04-21,8.179762840270996,-0.10526307004891311
830,2020-04-22,8.340150833129883,0.0196079025750302
831,2020-04-23,8.755269050598145,0.049773466424524626
832,2020-04-24,9.028873443603516,0.0312502552947449
833,2020-04-27,9.425124168395996,0.04388706157723399
834,2020-04-28,9.491167068481444,0.007007111938843291
835,2020-04-29,10.06667423248291,0.06063607982548613
836,2020-04-30,9.698724746704102,-0.036551245950874
837,2020-05-01,9.415687561035156,-0.029182927968455785
838,2020-05-04,9.434558868408203,0.002004241033989107
839,2020-05-05,9.500598907470703,0.006999801472820977
840,2020-05-06,9.689291954040527,0.019861173848887193
841,2020-05-07,10.991260528564451,0.1343719005165276
842,2020-05-08,10.745963096618652,-0.02231749773452385
843,2020-05-11,10.06667423248291,-0.06321340004875775
844,2020-05-12,10.434622764587402,0.03655115121508601
845,2020-05-13,9.698724746704102,-0.07052464037135697
846,2020-05-14,9.70816135406494,0.0009729740359982753
847,2020-05-15,9.811942100524902,0.010690051666323752
848,2020-05-18,10.368579864501951,0.056730640914327335
849,2020-05-19,10.378013610839844,0.0009098397718081408
850,2020-05-20,10.473136901855469,0.009165847587275122
851,2020-05-21,10.406550407409668,-0.006357836727409194
852,2020-05-22,10.653873443603516,0.02376609217380521
853,2020-05-26,10.59679889678955,-0.00535716395694863
854,2020-05-27,10.825098037719728,0.02154416094461742
855,2020-05-28,10.59679889678955,-0.02108979892234475
856,2020-05-29,10.844121932983398,0.023339410193844223
857,2020-06-01,11.1675443649292,0.02982467681058454
858,2020-06-02,10.729971885681152,-0.0391825154169263
859,2020-06-03,11.053393363952637,0.03014187564676485
860,2020-06-04,10.882171630859377,-0.01549042248434307
861,2020-06-05,10.948758125305176,0.006118860895097056
862,2020-06-08,11.47194004058838,0.047784589749408024
863,2020-06-09,11.043882369995115,-0.03731345082686732
864,2020-06-10,10.939245223999023,-0.009474670454692524
865,2020-06-11,9.759710311889648,-0.10782598688999645
866,2020-06-12,10.00703239440918,0.025341129461417866
867,2020-06-15,10.24484157562256,0.02376420619426023
868,2020-06-16,10.587286949157717,0.03342612679829027
869,2020-06-17,10.473136901855469,-0.010781803482839303
870,2020-06-18,10.634851455688477,0.015440889902275323
871,2020-06-19,10.473136901855469,-0.015206094274735626
872,2020-06-22,10.444600105285645,-0.002724761152006705
873,2020-06-23,10.43509006500244,-0.0009105222016486669
874,2020-06-24,9.911908149719238,-0.05013678962272372
875,2020-06-25,9.949956893920898,0.0038386901519802397
876,2020-06-26,10.102154731750488,0.015296331376327688
877,2020-06-29,10.282891273498535,0.017890890265222614
878,2020-06-30,10.397040367126465,0.011100875288073908
879,2020-07-01,10.092641830444336,-0.029277421836754747
880,2020-07-02,10.00703239440918,-0.008482361454353438
881,2020-07-06,10.691923141479492,0.06844094433560088
882,2020-07-07,10.48264980316162,-0.019573030552940796
883,2020-07-08,10.501676559448242,0.0018150712504851896
884,2020-07-09,10.539724349975586,0.003623020601706939
885,2020-07-10,10.387527465820312,-0.014440309736907464
886,2020-07-13,10.330451011657717,-0.005494710300444794
887,2020-07-14,10.52070140838623,0.018416465700657136
888,2020-07-15,10.768022537231444,0.02350804563734399
889,2020-07-16,10.53021240234375,-0.022084847432798593
890,2020-07-17,10.939245223999023,0.03884373895100479
891,2020-07-20,11.062907218933104,0.011304435763336285
892,2020-07-21,11.129493713378906,0.006018896581889921
893,2020-07-22,11.938047409057615,0.07264963856412776
894,2020-07-23,12.194879531860352,0.02151374626037028
895,2020-07-24,11.985608100891112,-0.017160598464502907
896,2020-07-27,12.13780689239502,0.012698462207569872
897,2020-07-28,11.643159866333008,-0.040752586562563864
898,2020-07-29,11.785848617553713,0.012255156921215038
899,2020-07-30,11.65267562866211,-0.01129939754132403
900,2020-07-31,11.81438446044922,0.01387739922918274
901,2020-08-03,11.899996757507324,0.007246445834288462
902,2020-08-04,12.232930183410645,0.027977606438697844
903,2020-08-05,12.213906288146973,-0.001555138055923111
904,2020-08-06,11.538525581359863,-0.05529604459488402
905,2020-08-07,11.795360565185549,0.02225890838605893
906,2020-08-10,11.519500732421877,-0.023387147110863427
907,2020-08-11,11.519500732421877,0.0
908,2020-08-12,11.643159866333008,0.010734765054798645
909,2020-08-13,11.728775024414062,0.007353257969824556
910,2020-08-14,11.586089134216309,-0.012165455463230002
911,2020-08-17,11.50998878479004,-0.006568251680502457
912,2020-08-18,11.519500732421877,0.0008264080712576671
913,2020-08-19,11.490751266479492,-0.0024957215256272702
914,2020-08-20,11.337411880493164,-0.013344591874827727
915,2020-08-21,11.088239669799805,-0.021977874079187165
916,2020-08-24,11.078653335571287,-0.0008645496953522125
917,2020-08-25,11.2415771484375,0.014706102621976358
918,2020-08-26,11.203240394592283,-0.0034102647109925943
919,2020-08-27,10.810312271118164,-0.035072720894553155
920,2020-08-28,10.752813339233398,-0.005318896479834856
921,2020-08-31,10.628225326538086,-0.011586550306860843
922,2020-09-01,10.743228912353516,0.01082058220277582
923,2020-09-02,10.963651657104492,0.020517364616285505
924,2020-09-03,9.96695613861084,-0.0909090830013547
925,2020-09-04,10.014873504638672,0.0048076228450735226
926,2020-09-08,9.76569938659668,-0.024880405920911564
927,2020-09-09,9.794450759887695,0.0029441181990996768
928,2020-09-10,9.66028118133545,-0.013698530100506034
929,2020-09-11,9.890287399291992,0.023809474448935886
930,2020-09-14,10.081960678100586,0.019379950356378517
931,2020-09-15,10.110712051391602,0.002851764077345331
932,2020-09-16,10.158626556396484,0.004738984233883636
933,2020-09-17,9.919038772583008,-0.023584662993898275
934,2020-09-18,10.043624877929688,0.012560300267304703
935,2020-09-21,9.871119499206545,-0.0171756094855966
936,2020-09-22,9.813618659973145,-0.005825158862479807
937,2020-09-23,9.468608856201172,-0.03515622684414732
938,2020-09-24,9.401522636413574,-0.007085118923638056
939,2020-09-25,9.516526222229004,0.012232442580099034
940,2020-09-28,9.784867286682127,0.02819737561656943
941,2020-09-29,9.957371711730955,0.017629715354813058
942,2020-09-30,9.832785606384276,-0.012511946822262643
943,2020-10-01,9.871119499206545,0.003898579136860203
944,2020-10-02,9.919038772583008,0.004854492277224898
945,2020-10-05,10.340717315673828,0.04251203697845929
946,2020-10-06,10.081960678100586,-0.025023083957728454
947,2020-10-07,10.561139106750488,0.047528297714029444
948,2020-10-08,10.513222694396973,-0.00453704963727708
949,2020-10-09,10.436553955078123,-0.007292601093640827
950,2020-10-12,10.589890480041504,0.01469225623930881
951,2020-10-13,10.388635635375977,-0.01900443116430972
952,2020-10-14,10.407800674438477,0.001844808089835892
953,2020-10-15,10.637810707092283,0.022099773030695102
954,2020-10-16,10.426969528198242,-0.01981997844288319
955,2020-10-19,10.934898376464844,0.048712988648617506
956,2020-10-20,11.155323028564451,0.020157905863489978
957,2020-10-21,11.644087791442873,0.04381448763311324
958,2020-10-22,11.77825927734375,0.011522713354967795
959,2020-10-23,11.90284538269043,0.010577633113097562
960,2020-10-26,11.509917259216309,-0.033011276786433896
961,2020-10-27,11.049903869628906,-0.03996669821575449
962,2020-10-28,10.44613552093506,-0.05464014491142555
963,2020-10-29,10.522804260253906,0.007339435637724101
964,2020-10-30,10.244879722595217,-0.026411641876533776
965,2020-11-02,10.839065551757812,0.05799832162520291
966,2020-11-03,10.704893112182615,-0.012378598407261965
967,2020-11-04,11.519502639770508,0.07609693240755777
968,2020-11-05,12.343690872192385,0.07154720635042078
969,2020-11-06,11.682422637939451,-0.053571354070655275
970,2020-11-09,11.279911041259766,-0.03445446284167997
971,2020-11-10,11.87409496307373,0.05267629502046178
972,2020-11-11,11.989097595214844,0.009685170322348835
973,2020-11-12,11.816594123840332,-0.014388361593066223
974,2020-11-13,12.123268127441406,0.025952825356195586
975,2020-11-16,12.210138320922852,0.007165575533614632
976,2020-11-17,12.075006484985352,-0.011067183056062802
977,2020-11-18,11.988136291503906,-0.007194215058142106
978,2020-11-19,11.853005409240724,-0.011272050882417006
979,2020-11-20,11.74682903289795,-0.008957759882569416
980,2020-11-23,11.881962776184082,0.011503848647807846
981,2020-11-24,12.103964805603027,0.018683952609573895
982,2020-11-25,12.065354347229004,-0.0031899017383254513
983,2020-11-27,12.40318489074707,0.028000051535631343
984,2020-11-30,12.200485229492188,-0.016342549356504366
985,2020-12-01,12.277706146240234,0.006329331604072674
986,2020-12-02,12.316314697265623,0.0031446062127176155
987,2020-12-03,13.764156341552734,0.11755477834685002
988,2020-12-04,14.150248527526855,0.028050552201920542
989,2020-12-07,14.111638069152832,-0.0027286063774013547
990,2020-12-08,14.594253540039062,0.03419981922163928
991,2020-12-09,14.015114784240724,-0.0396826568902261
992,2020-12-10,13.860678672790527,-0.011019254128681988
993,2020-12-11,13.580761909484863,-0.020195025793012578
994,2020-12-14,13.6965913772583,0.008528937370777534
995,2020-12-15,14.140596389770508,0.0324171905463595
996,2020-12-16,14.111638069152832,-0.0020478853804656305
997,2020-12-17,14.517035484313965,0.028727877881683073
998,2020-12-18,14.613557815551758,0.00664890096480697
999,2020-12-21,14.333642959594728,-0.019154463238181707
1000,2020-12-22,14.488078117370604,0.01077431314643551
1001,2020-12-23,14.497730255126951,0.0006662124319150031
1002,2020-12-24,14.497730255126951,0.0
1003,2020-12-28,15.202345848083496,0.048601786662940905
1004,2020-12-29,14.323989868164062,-0.05777766067795154
1005,2020-12-30,14.227465629577637,-0.006738641919941335
1006,2020-12-31,14.256422996520996,0.002035314489402751
1007,2021-01-04,14.217814445495604,-0.0027081513388607092
1008,2021-01-05,14.46877384185791,0.017651053002862405
1009,2021-01-06,14.9127779006958,0.030687055011765718
1010,2021-01-07,15.067214012145996,0.010355958660323683
1011,2021-01-08,15.183042526245115,0.00768745396499626
1012,2021-01-11,15.13478183746338,-0.003178591425158195
1013,2021-01-12,15.540179252624512,0.02678581161689708
1014,2021-01-13,15.46295928955078,-0.004969052275294095
1015,2021-01-14,16.157922744750977,0.04494375508508419
1016,2021-01-15,16.12896728515625,-0.0017920285950205894
1017,2021-01-19,16.408884048461914,0.017354909236084515
1018,2021-01-20,17.00732421875,0.036470497842550076
1019,2021-01-21,16.544015884399414,-0.027241694718785014
1020,2021-01-22,16.901151657104492,0.02158700615379905
1021,2021-01-25,16.910802841186523,0.0005710370676410559
1022,2021-01-26,16.8818416595459,-0.0017125846662991995
1023,2021-01-27,17.39341926574707,0.03030342402908981
1024,2021-01-28,16.891498565673828,-0.028856931026878474
1025,2021-01-29,16.6019287109375,-0.017142934572115465
1026,2021-02-01,16.621232986450195,0.001162773063829503
1027,2021-02-02,16.408884048461914,-0.012775763275888807
1028,2021-02-03,16.52471160888672,0.007058832281507943
1029,2021-02-04,15.530525207519531,-0.0601636158559361
1030,2021-02-05,15.549829483032228,0.0012429892263623454
1031,2021-02-08,16.350969314575195,0.05152081136434061
1032,2021-02-09,16.302705764770508,-0.0029517240767901187
1033,2021-02-10,15.810440063476562,-0.03019533741188607
1034,2021-02-11,15.588438034057615,-0.014041483255851306
1035,2021-02-12,15.86835479736328,0.01795669089450147
1036,2021-02-16,15.684961318969728,-0.011557182879728956
1037,2021-02-17,15.490840911865234,-0.012376212038834988
1038,2021-02-18,15.063775062561035,-0.027568926163142438
1039,2021-02-19,15.636431694030762,0.038015479459261536
1040,2021-02-22,16.014968872070312,0.024208667645320814
1041,2021-02-23,15.8984956741333,-0.007272770797584149
1042,2021-02-24,16.995277404785156,0.06898650999014388
1043,2021-02-25,16.597328186035156,-0.023415282332370446
1044,2021-02-26,16.344974517822266,-0.015204475406181306
1045,2021-03-01,17.1991024017334,0.05225629951149857
1046,2021-03-02,16.49056625366211,-0.041196111955230874
1047,2021-03-03,16.296445846557617,-0.011771603480346449
1048,2021-03-04,15.733490943908691,-0.034544642920888324
1049,2021-03-05,16.034378051757812,0.01912398900675072
1050,2021-03-08,16.48085594177246,0.027845039487871093
1051,2021-03-09,16.96615982055664,0.02944652149735294
1052,2021-03-10,17.053512573242188,0.005148646105508581
1053,2021-03-11,17.52910804748535,0.02788841725131741
1054,2021-03-12,17.752347946166992,0.012735382660480798
1055,2021-03-15,18.383241653442383,0.035538606452991006
1056,2021-03-16,18.66471672058105,0.015311503403207416
1057,2021-03-17,17.9367618560791,-0.03900165619439888
1058,2021-03-18,17.082630157470703,-0.04761905774641917
1059,2021-03-19,17.334989547729492,0.01477286506424913
1060,2021-03-22,17.218515396118164,-0.006719020584963875
1061,2021-03-23,16.10232162475586,-0.06482520389730839
1062,2021-03-24,15.626727104187012,-0.02953577326623913
1063,2021-03-25,16.131439208984375,0.0322980046578103
1064,2021-03-26,16.839981079101562,0.043923041269781304
1065,2021-03-29,15.71407985687256,-0.06685881753312939
1066,2021-03-30,16.034378051757812,0.020382879417859767
1067,2021-03-31,16.18967628479004,0.00968532939231781
1068,2021-04-01,16.67498016357422,0.029976132335648664
1069,2021-04-05,16.83027458190918,0.009313019674481726
1070,2021-04-06,16.810861587524414,-0.0011534567835056464
1071,2021-04-07,17.732934951782227,0.054849857602902174
1072,2021-04-08,17.90764617919922,0.009852358218876311
1073,2021-04-09,17.732934951782227,-0.009756236284137132
1074,2021-04-12,18.06294250488281,0.0186098665560952
1075,2021-04-13,17.965883255004883,-0.005373390844359283
1076,2021-04-14,18.014413833618164,0.0027012631622083116
1077,2021-04-15,17.878524780273438,-0.007543351374060925
1078,2021-04-16,17.91735076904297,0.002171655058048838
1079,2021-04-19,17.334989547729492,-0.03250264108908674
1080,2021-04-20,16.752626419067383,-0.03359466280949597
1081,2021-04-21,17.043807983398438,0.01738124859034884
1082,2021-04-22,16.6846866607666,-0.02107048630104491
1083,2021-04-23,17.03409767150879,0.020942018141929752
1084,2021-04-26,17.267045974731445,0.01367541197161759
1085,2021-04-27,17.053512573242188,-0.012366527650516601
1086,2021-04-28,17.131162643432617,0.004553318259621575
1087,2021-04-29,17.1214542388916,-0.0005667101960962206
1088,2021-04-30,16.587623596191406,-0.031179047950704586
1089,2021-05-03,16.985570907592773,0.023990616202114623
1090,2021-05-04,16.451740264892578,-0.031428478065554266
1091,2021-05-05,16.762332916259766,0.01887901500791256
1092,2021-05-06,17.07292366027832,0.01852908813887577
1093,2021-05-07,19.344139099121094,0.13303025797081025
1094,2021-05-10,19.014135360717773,-0.017059623936343304
1095,2021-05-11,18.89765930175781,-0.0061257615321598236
1096,2021-05-12,17.956174850463867,-0.04982016218306817
1097,2021-05-13,18.4511833190918,0.027567590132658193
1098,2021-05-14,19.46060943603516,0.05470793387537842
1099,2021-05-17,19.615909576416016,0.007980230058637572
1100,2021-05-18,18.946191787719727,-0.03414156178113115
1101,2021-05-19,19.02419853210449,0.004117278303670702
1102,2021-05-20,19.316728591918945,0.015376735020967924
1103,2021-05-21,19.02419853210449,-0.015143871718363067
1104,2021-05-24,19.44349479675293,0.022040153961853104
1105,2021-05-25,19.03395271301269,-0.021063193012432757
1106,2021-05-26,19.59950828552246,0.029712986106302797
1107,2021-05-27,19.580007553100582,-0.0009949602886866193
1108,2021-05-28,19.316728591918945,-0.013446315608797943
1109,2021-06-01,19.58975601196289,0.014134247356882401
1110,2021-06-02,19.580007553100582,-0.0004976304378857543
1111,2021-06-03,19.6190128326416,0.00199209726733951
1112,2021-06-04,20.00905036926269,0.01988058930121883
1113,2021-06-07,20.90614318847656,0.044834352588364546
1114,2021-06-08,20.672119140625,-0.01119403257414564
1115,2021-06-09,20.36983871459961,-0.014622614351682328
1116,2021-06-10,20.40884017944336,0.0019146673368501954
1117,2021-06-11,20.8183822631836,0.020066896508540877
1118,2021-06-14,21.05240821838379,0.011241313193391278
1119,2021-06-15,20.896392822265625,-0.007410809941540308
1120,2021-06-16,20.808629989624023,-0.004199903466022503
1121,2021-06-17,20.379589080810547,-0.020618412121673257
1122,2021-06-18,19.550750732421875,-0.04067002259476893
1123,2021-06-21,19.989547729492188,0.022443997321424325
1124,2021-06-22,20.41859245300293,0.021463453266515886
1125,2021-06-23,20.194316864013672,-0.010983890760612791
1126,2021-06-24,20.51610374450684,0.01593452666213202
1127,2021-06-25,20.691621780395508,0.008555134935680053
1128,2021-06-28,21.09141159057617,0.019321337613054768
1129,2021-06-29,20.15531539916992,-0.0443828137052954
1130,2021-06-30,20.13581085205078,-0.0009677123246575325
1131,2021-07-01,20.194316864013672,0.002905570199917218
1132,2021-07-02,19.81402969360352,-0.01883139563328462
1133,2021-07-06,19.6092586517334,-0.010334648985422024
1134,2021-07-07,18.93643951416016,-0.03431129904106622
1135,2021-07-08,18.7024154663086,-0.012358397558134504
1136,2021-07-09,19.20946884155273,0.027111651762712574
1137,2021-07-12,18.994945526123047,-0.011167581842015384
1138,2021-07-13,18.731666564941406,-0.013860474662565458
1139,2021-07-14,19.180213928222656,0.023945939979561626
1140,2021-07-15,18.67316246032715,-0.026436173746185787
1141,2021-07-16,18.00034523010254,-0.03603124171677252
1142,2021-07-19,18.712167739868164,0.03954493653684055
1143,2021-07-20,19.92129135131836,0.06461697160153368
1144,2021-07-21,20.896392822265625,0.04894770392897918
1145,2021-07-22,20.759876251220703,-0.0065330209001173145
1146,2021-07-23,21.59846305847168,0.04039459566632364
1147,2021-07-26,22.193273544311523,0.027539482056179843
1148,2021-07-27,21.75448036193848,-0.01977144928606145
1149,2021-07-28,21.500953674316406,-0.011653998781126607
1150,2021-07-29,22.037260055541992,0.024943376435726305
1151,2021-07-30,21.85198974609375,-0.008407139044567802
1152,2021-08-02,21.169418334960938,-0.031236121701678332
1153,2021-08-03,21.578962326049805,0.019346020027981137
1154,2021-08-04,21.44244766235352,-0.006326284908124924
1155,2021-08-05,21.15966796875,-0.013187845812024257
1156,2021-08-06,22.94409942626953,0.08433173243336789
1157,2021-08-09,23.02210998535156,0.003400027067207878
1158,2021-08-10,22.88559341430664,-0.005929802747523194
1159,2021-08-11,22.768585205078125,-0.00511274525900518
1160,2021-08-12,22.856340408325195,0.00385422293289861
1161,2021-08-13,22.827091217041016,-0.0012796970451808276
1162,2021-08-16,23.20737648010254,0.016659383337358058
1163,2021-08-17,22.612567901611328,-0.025630151646015897
1164,2021-08-18,22.544044494628903,-0.0030303239897642165
